{"tileSize":16,"mapWidth":52,"mapHeight":30,"layers":[{"name":"Ponte","tiles":[],"collider":false},{"name":"Agua","tiles":[{"id":"0","x":21,"y":26},{"id":"1","x":22,"y":26},{"id":"2","x":23,"y":26},{"id":"3","x":24,"y":26},{"id":"4","x":25,"y":26},{"id":"5","x":26,"y":26},{"id":"6","x":27,"y":26},{"id":"7","x":28,"y":26},{"id":"8","x":29,"y":26},{"id":"9","x":30,"y":26},{"id":"10","x":31,"y":26},{"id":"11","x":32,"y":26},{"id":"12","x":33,"y":26},{"id":"13","x":34,"y":26},{"id":"14","x":35,"y":26},{"id":"15","x":36,"y":26},{"id":"16","x":37,"y":26},{"id":"17","x":38,"y":26},{"id":"18","x":39,"y":26},{"id":"19","x":21,"y":27},{"id":"20","x":23,"y":29},{"id":"19","x":21,"y":28},{"id":"21","x":22,"y":29},{"id":"20","x":24,"y":29},{"id":"21","x":25,"y":29},{"id":"20","x":26,"y":29},{"id":"20","x":32,"y":29},{"id":"21","x":33,"y":29},{"id":"21","x":35,"y":29},{"id":"20","x":36,"y":29},{"id":"21","x":37,"y":29},{"id":"20","x":38,"y":29},{"id":"21","x":39,"y":29},{"id":"22","x":39,"y":27},{"id":"20","x":38,"y":28},{"id":"21","x":39,"y":28},{"id":"19","x":36,"y":27},{"id":"22","x":37,"y":27},{"id":"20","x":36,"y":28},{"id":"21","x":37,"y":28},{"id":"19","x":34,"y":27},{"id":"20","x":34,"y":28},{"id":"21","x":35,"y":28},{"id":"19","x":32,"y":27},{"id":"22","x":33,"y":27},{"id":"20","x":32,"y":28},{"id":"21","x":33,"y":28},{"id":"20","x":30,"y":29},{"id":"21","x":31,"y":29},{"id":"20","x":28,"y":29},{"id":"22","x":31,"y":27},{"id":"20","x":30,"y":28},{"id":"21","x":31,"y":28},{"id":"22","x":29,"y":27},{"id":"19","x":26,"y":27},{"id":"20","x":26,"y":28},{"id":"19","x":24,"y":27},{"id":"22","x":25,"y":27},{"id":"20","x":24,"y":28},{"id":"21","x":25,"y":28},{"id":"19","x":22,"y":27},{"id":"22","x":23,"y":27},{"id":"20","x":22,"y":28},{"id":"23","x":0,"y":23},{"id":"23","x":1,"y":23},{"id":"23","x":2,"y":23},{"id":"23","x":3,"y":23},{"id":"23","x":4,"y":23},{"id":"24","x":11,"y":23},{"id":"25","x":17,"y":23},{"id":"14","x":23,"y":28},{"id":"14","x":38,"y":27},{"id":"14","x":34,"y":29},{"id":"0","x":40,"y":28},{"id":"7","x":27,"y":29},{"id":"26","x":21,"y":29},{"id":"26","x":35,"y":27},{"id":"5","x":29,"y":28},{"id":"5","x":29,"y":29},{"id":"5","x":30,"y":27},{"id":"5","x":28,"y":27},{"id":"5","x":27,"y":27},{"id":"5","x":27,"y":28},{"id":"5","x":28,"y":28},{"id":"27","x":31,"y":24},{"id":"28","x":27,"y":24},{"id":"29","x":26,"y":23},{"id":"30","x":32,"y":23},{"id":"22","x":41,"y":27},{"id":"19","x":40,"y":27},{"id":"31","x":41,"y":26},{"id":"32","x":40,"y":26},{"id":"20","x":40,"y":29},{"id":"21","x":41,"y":29},{"id":"0","x":41,"y":28}],"collider":false},{"name":"Chão","tiles":[{"id":"33","x":0,"y":24},{"id":"34","x":1,"y":24},{"id":"35","x":2,"y":24},{"id":"36","x":3,"y":24},{"id":"37","x":0,"y":25},{"id":"38","x":1,"y":25},{"id":"39","x":4,"y":25},{"id":"40","x":5,"y":25},{"id":"34","x":7,"y":24},{"id":"35","x":8,"y":24},{"id":"36","x":9,"y":24},{"id":"41","x":10,"y":24},{"id":"37","x":6,"y":25},{"id":"38","x":7,"y":25},{"id":"42","x":8,"y":25},{"id":"43","x":9,"y":25},{"id":"39","x":10,"y":25},{"id":"40","x":11,"y":25},{"id":"35","x":14,"y":24},{"id":"36","x":15,"y":24},{"id":"41","x":16,"y":24},{"id":"37","x":12,"y":25},{"id":"38","x":13,"y":25},{"id":"42","x":14,"y":25},{"id":"43","x":15,"y":25},{"id":"39","x":16,"y":25},{"id":"44","x":0,"y":23},{"id":"45","x":1,"y":23},{"id":"46","x":2,"y":23},{"id":"47","x":3,"y":23},{"id":"48","x":7,"y":23},{"id":"49","x":8,"y":23},{"id":"50","x":9,"y":23},{"id":"51","x":10,"y":23},{"id":"49","x":14,"y":23},{"id":"50","x":15,"y":23},{"id":"51","x":16,"y":23},{"id":"52","x":20,"y":23},{"id":"35","x":20,"y":24},{"id":"53","x":4,"y":23},{"id":"54","x":5,"y":23},{"id":"52","x":6,"y":23},{"id":"34","x":5,"y":24},{"id":"35","x":6,"y":24},{"id":"53","x":11,"y":23},{"id":"54","x":12,"y":23},{"id":"52","x":13,"y":23},{"id":"34","x":12,"y":24},{"id":"35","x":13,"y":24},{"id":"53","x":17,"y":23},{"id":"54","x":18,"y":23},{"id":"52","x":19,"y":23},{"id":"34","x":18,"y":24},{"id":"35","x":19,"y":24},{"id":"42","x":19,"y":25},{"id":"43","x":20,"y":25},{"id":"37","x":0,"y":26},{"id":"42","x":2,"y":26},{"id":"43","x":3,"y":26},{"id":"55","x":0,"y":27},{"id":"56","x":1,"y":27},{"id":"57","x":2,"y":27},{"id":"58","x":0,"y":28},{"id":"59","x":1,"y":28},{"id":"60","x":0,"y":29},{"id":"61","x":1,"y":29},{"id":"62","x":2,"y":29},{"id":"63","x":3,"y":29},{"id":"37","x":4,"y":26},{"id":"38","x":5,"y":26},{"id":"57","x":6,"y":27},{"id":"61","x":5,"y":29},{"id":"62","x":6,"y":29},{"id":"38","x":18,"y":26},{"id":"42","x":19,"y":26},{"id":"43","x":20,"y":26},{"id":"56","x":18,"y":27},{"id":"57","x":19,"y":27},{"id":"64","x":20,"y":27},{"id":"59","x":18,"y":28},{"id":"65","x":19,"y":28},{"id":"66","x":20,"y":28},{"id":"61","x":18,"y":29},{"id":"62","x":19,"y":29},{"id":"63","x":20,"y":29},{"id":"38","x":14,"y":26},{"id":"42","x":15,"y":26},{"id":"43","x":16,"y":26},{"id":"56","x":14,"y":27},{"id":"57","x":15,"y":27},{"id":"64","x":16,"y":27},{"id":"65","x":15,"y":28},{"id":"66","x":16,"y":28},{"id":"37","x":9,"y":26},{"id":"38","x":10,"y":26},{"id":"60","x":9,"y":29},{"id":"61","x":10,"y":29},{"id":"62","x":11,"y":29},{"id":"61","x":8,"y":29},{"id":"63","x":4,"y":29},{"id":"63","x":3,"y":25},{"id":"63","x":2,"y":25},{"id":"63","x":1,"y":26},{"id":"63","x":17,"y":28},{"id":"63","x":17,"y":27},{"id":"63","x":17,"y":26},{"id":"63","x":11,"y":24},{"id":"63","x":4,"y":24},{"id":"63","x":17,"y":29},{"id":"63","x":16,"y":29},{"id":"63","x":15,"y":29},{"id":"63","x":14,"y":29},{"id":"63","x":14,"y":28},{"id":"63","x":13,"y":29},{"id":"63","x":12,"y":29},{"id":"63","x":13,"y":26},{"id":"63","x":13,"y":27},{"id":"63","x":12,"y":27},{"id":"63","x":12,"y":26},{"id":"63","x":11,"y":26},{"id":"63","x":5,"y":28},{"id":"63","x":4,"y":27},{"id":"63","x":8,"y":26},{"id":"63","x":10,"y":28},{"id":"63","x":6,"y":28},{"id":"63","x":3,"y":28},{"id":"63","x":2,"y":28},{"id":"63","x":3,"y":27},{"id":"63","x":5,"y":27},{"id":"63","x":6,"y":26},{"id":"63","x":7,"y":26},{"id":"59","x":7,"y":29},{"id":"59","x":7,"y":27},{"id":"59","x":8,"y":28},{"id":"59","x":7,"y":28},{"id":"59","x":8,"y":27},{"id":"59","x":9,"y":27},{"id":"59","x":9,"y":28},{"id":"59","x":10,"y":27},{"id":"59","x":11,"y":27},{"id":"59","x":11,"y":28},{"id":"59","x":13,"y":28},{"id":"59","x":12,"y":28},{"id":"59","x":4,"y":28},{"id":"59","x":18,"y":25},{"id":"59","x":17,"y":25},{"id":"59","x":17,"y":24},{"id":"45","x":28,"y":21},{"id":"46","x":29,"y":21},{"id":"47","x":30,"y":21},{"id":"67","x":31,"y":21},{"id":"68","x":32,"y":21},{"id":"69","x":33,"y":21},{"id":"70","x":32,"y":22},{"id":"71","x":33,"y":22},{"id":"72","x":25,"y":21},{"id":"73","x":26,"y":21},{"id":"74","x":25,"y":22},{"id":"75","x":26,"y":22},{"id":"25","x":27,"y":21},{"id":"42","x":29,"y":22},{"id":"43","x":30,"y":22},{"id":"39","x":31,"y":22},{"id":"57","x":29,"y":23},{"id":"64","x":30,"y":23},{"id":"76","x":31,"y":23},{"id":"65","x":27,"y":22},{"id":"66","x":28,"y":22},{"id":"62","x":27,"y":23},{"id":"63","x":28,"y":23},{"id":"77","x":28,"y":24},{"id":"77","x":30,"y":24},{"id":"64","x":29,"y":24},{"id":"38","x":28,"y":25},{"id":"42","x":29,"y":25},{"id":"57","x":29,"y":26},{"id":"3","x":27,"y":27},{"id":"3","x":28,"y":27},{"id":"3","x":29,"y":27},{"id":"3","x":27,"y":28},{"id":"53","x":42,"y":25},{"id":"54","x":43,"y":25},{"id":"52","x":44,"y":25},{"id":"78","x":45,"y":25},{"id":"33","x":42,"y":26},{"id":"34","x":43,"y":26},{"id":"35","x":44,"y":26},{"id":"36","x":45,"y":26},{"id":"41","x":46,"y":26},{"id":"79","x":47,"y":26},{"id":"37","x":42,"y":27},{"id":"38","x":43,"y":27},{"id":"42","x":44,"y":27},{"id":"43","x":45,"y":27},{"id":"39","x":46,"y":27},{"id":"55","x":42,"y":28},{"id":"56","x":43,"y":28},{"id":"58","x":42,"y":29},{"id":"59","x":43,"y":29},{"id":"65","x":44,"y":29},{"id":"56","x":46,"y":28},{"id":"57","x":47,"y":28},{"id":"55","x":48,"y":28},{"id":"58","x":48,"y":27},{"id":"55","x":49,"y":28},{"id":"56","x":50,"y":28},{"id":"57","x":51,"y":28},{"id":"59","x":50,"y":29},{"id":"65","x":51,"y":29},{"id":"56","x":50,"y":26},{"id":"57","x":51,"y":26},{"id":"58","x":49,"y":27},{"id":"59","x":50,"y":27},{"id":"65","x":51,"y":27},{"id":"80","x":47,"y":27},{"id":"80","x":47,"y":29},{"id":"39","x":48,"y":29},{"id":"40","x":49,"y":29},{"id":"39","x":48,"y":26},{"id":"40","x":49,"y":26},{"id":"39","x":45,"y":29},{"id":"40","x":46,"y":29},{"id":"39","x":44,"y":28},{"id":"40","x":45,"y":28},{"id":"55","x":46,"y":25},{"id":"56","x":47,"y":25},{"id":"55","x":48,"y":23},{"id":"56","x":49,"y":23},{"id":"55","x":50,"y":21},{"id":"56","x":51,"y":21},{"id":"37","x":48,"y":24},{"id":"38","x":51,"y":24},{"id":"56","x":51,"y":25},{"id":"62","x":48,"y":25},{"id":"38","x":50,"y":22},{"id":"42","x":51,"y":22},{"id":"56","x":50,"y":23},{"id":"57","x":51,"y":23},{"id":"38","x":49,"y":24},{"id":"42","x":50,"y":24},{"id":"56","x":49,"y":25},{"id":"57","x":50,"y":25},{"id":"25","x":46,"y":24},{"id":"25","x":47,"y":24},{"id":"25","x":48,"y":22},{"id":"25","x":49,"y":22},{"id":"25","x":50,"y":20},{"id":"25","x":51,"y":20},{"id":"81","x":43,"y":24},{"id":"81","x":49,"y":21},{"id":"81","x":51,"y":19}],"collider":true},{"name":"Ground","tiles":[],"collider":true},{"name":"Arvore","tiles":[{"id":"82","x":17,"y":16},{"id":"83","x":18,"y":16},{"id":"84","x":19,"y":16},{"id":"85","x":20,"y":16},{"id":"86","x":17,"y":17},{"id":"87","x":18,"y":17},{"id":"88","x":19,"y":17},{"id":"89","x":20,"y":17},{"id":"90","x":17,"y":18},{"id":"91","x":18,"y":18},{"id":"92","x":19,"y":18},{"id":"93","x":20,"y":18},{"id":"94","x":17,"y":19},{"id":"95","x":18,"y":19},{"id":"96","x":19,"y":19},{"id":"97","x":20,"y":19},{"id":"98","x":17,"y":20},{"id":"99","x":18,"y":20},{"id":"100","x":19,"y":20},{"id":"101","x":20,"y":20},{"id":"102","x":17,"y":21},{"id":"103","x":18,"y":21},{"id":"104","x":19,"y":21},{"id":"105","x":20,"y":21},{"id":"106","x":19,"y":22},{"id":"82","x":2,"y":16},{"id":"83","x":3,"y":16},{"id":"84","x":4,"y":16},{"id":"85","x":5,"y":16},{"id":"86","x":2,"y":17},{"id":"87","x":3,"y":17},{"id":"88","x":4,"y":17},{"id":"89","x":5,"y":17},{"id":"90","x":2,"y":18},{"id":"91","x":3,"y":18},{"id":"92","x":4,"y":18},{"id":"93","x":5,"y":18},{"id":"94","x":2,"y":19},{"id":"95","x":3,"y":19},{"id":"96","x":4,"y":19},{"id":"97","x":5,"y":19},{"id":"98","x":2,"y":20},{"id":"99","x":3,"y":20},{"id":"100","x":4,"y":20},{"id":"101","x":5,"y":20},{"id":"102","x":2,"y":21},{"id":"103","x":3,"y":21},{"id":"104","x":4,"y":21},{"id":"107","x":2,"y":22},{"id":"108","x":3,"y":22},{"id":"106","x":4,"y":22},{"id":"109","x":13,"y":21},{"id":"110","x":14,"y":21},{"id":"111","x":13,"y":22},{"id":"112","x":14,"y":22},{"id":"81","x":7,"y":22},{"id":"81","x":1,"y":22},{"id":"113","x":11,"y":22},{"id":"114","x":17,"y":22},{"id":"115","x":18,"y":22},{"id":"116","x":20,"y":22},{"id":"117","x":43,"y":18},{"id":"118","x":44,"y":18},{"id":"119","x":45,"y":18},{"id":"120","x":46,"y":18},{"id":"121","x":43,"y":19},{"id":"122","x":44,"y":19},{"id":"123","x":45,"y":19},{"id":"124","x":46,"y":19},{"id":"125","x":43,"y":20},{"id":"126","x":44,"y":20},{"id":"127","x":45,"y":20},{"id":"128","x":46,"y":20},{"id":"129","x":43,"y":21},{"id":"130","x":44,"y":21},{"id":"131","x":45,"y":21},{"id":"132","x":46,"y":21},{"id":"133","x":43,"y":22},{"id":"134","x":44,"y":22},{"id":"135","x":45,"y":22},{"id":"136","x":46,"y":22},{"id":"137","x":43,"y":23},{"id":"138","x":44,"y":23},{"id":"139","x":45,"y":23},{"id":"140","x":46,"y":23},{"id":"141","x":43,"y":24},{"id":"142","x":44,"y":24},{"id":"143","x":45,"y":24},{"id":"144","x":46,"y":24},{"id":"145","x":47,"y":24},{"id":"116","x":47,"y":23},{"id":"116","x":50,"y":19},{"id":"146","x":30,"y":19},{"id":"147","x":31,"y":19},{"id":"148","x":30,"y":20},{"id":"149","x":31,"y":20},{"id":"115","x":6,"y":22},{"id":"114","x":5,"y":22},{"id":"105","x":5,"y":21},{"id":"146","x":9,"y":21},{"id":"147","x":10,"y":21},{"id":"148","x":9,"y":22},{"id":"149","x":10,"y":22},{"id":"146","x":48,"y":20},{"id":"147","x":49,"y":20},{"id":"148","x":48,"y":21},{"id":"149","x":49,"y":21}],"collider":false},{"name":"ceú","tiles":[{"id":"150","x":0,"y":19},{"id":"151","x":1,"y":19},{"id":"152","x":2,"y":19},{"id":"153","x":3,"y":19},{"id":"154","x":0,"y":20},{"id":"155","x":1,"y":20},{"id":"156","x":2,"y":20},{"id":"157","x":3,"y":20},{"id":"158","x":0,"y":21},{"id":"159","x":1,"y":21},{"id":"160","x":2,"y":21},{"id":"161","x":3,"y":21},{"id":"162","x":0,"y":22},{"id":"163","x":1,"y":22},{"id":"164","x":2,"y":22},{"id":"165","x":3,"y":22},{"id":"150","x":4,"y":19},{"id":"151","x":5,"y":19},{"id":"152","x":6,"y":19},{"id":"153","x":7,"y":19},{"id":"154","x":4,"y":20},{"id":"155","x":5,"y":20},{"id":"156","x":6,"y":20},{"id":"157","x":7,"y":20},{"id":"158","x":4,"y":21},{"id":"159","x":5,"y":21},{"id":"160","x":6,"y":21},{"id":"161","x":7,"y":21},{"id":"162","x":4,"y":22},{"id":"163","x":5,"y":22},{"id":"164","x":6,"y":22},{"id":"165","x":7,"y":22},{"id":"158","x":8,"y":21},{"id":"159","x":9,"y":21},{"id":"160","x":10,"y":21},{"id":"161","x":11,"y":21},{"id":"162","x":8,"y":22},{"id":"163","x":9,"y":22},{"id":"164","x":10,"y":22},{"id":"165","x":11,"y":22},{"id":"158","x":12,"y":21},{"id":"159","x":13,"y":21},{"id":"160","x":14,"y":21},{"id":"161","x":15,"y":21},{"id":"162","x":12,"y":22},{"id":"163","x":13,"y":22},{"id":"164","x":14,"y":22},{"id":"165","x":15,"y":22},{"id":"154","x":16,"y":20},{"id":"155","x":17,"y":20},{"id":"156","x":18,"y":20},{"id":"157","x":19,"y":20},{"id":"158","x":16,"y":21},{"id":"159","x":17,"y":21},{"id":"160","x":18,"y":21},{"id":"161","x":19,"y":21},{"id":"162","x":16,"y":22},{"id":"163","x":17,"y":22},{"id":"164","x":18,"y":22},{"id":"165","x":19,"y":22},{"id":"154","x":20,"y":20},{"id":"155","x":21,"y":20},{"id":"156","x":22,"y":20},{"id":"157","x":23,"y":20},{"id":"158","x":20,"y":21},{"id":"159","x":21,"y":21},{"id":"160","x":22,"y":21},{"id":"161","x":23,"y":21},{"id":"162","x":20,"y":22},{"id":"152","x":26,"y":19},{"id":"153","x":27,"y":19},{"id":"154","x":24,"y":20},{"id":"155","x":25,"y":20},{"id":"156","x":26,"y":20},{"id":"157","x":27,"y":20},{"id":"158","x":24,"y":21},{"id":"150","x":28,"y":19},{"id":"151","x":29,"y":19},{"id":"152","x":30,"y":19},{"id":"153","x":31,"y":19},{"id":"154","x":28,"y":20},{"id":"155","x":29,"y":20},{"id":"156","x":30,"y":20},{"id":"157","x":31,"y":20},{"id":"159","x":29,"y":21},{"id":"160","x":30,"y":21},{"id":"161","x":31,"y":21},{"id":"163","x":29,"y":22},{"id":"164","x":30,"y":22},{"id":"165","x":31,"y":22},{"id":"150","x":32,"y":19},{"id":"154","x":32,"y":20},{"id":"155","x":33,"y":20},{"id":"158","x":32,"y":21},{"id":"159","x":33,"y":21},{"id":"160","x":34,"y":21},{"id":"161","x":35,"y":21},{"id":"156","x":38,"y":20},{"id":"157","x":39,"y":20},{"id":"158","x":36,"y":21},{"id":"159","x":37,"y":21},{"id":"160","x":38,"y":21},{"id":"161","x":39,"y":21},{"id":"152","x":42,"y":19},{"id":"153","x":43,"y":19},{"id":"154","x":40,"y":20},{"id":"155","x":41,"y":20},{"id":"156","x":42,"y":20},{"id":"157","x":43,"y":20},{"id":"158","x":40,"y":21},{"id":"159","x":41,"y":21},{"id":"160","x":42,"y":21},{"id":"161","x":43,"y":21},{"id":"158","x":48,"y":21},{"id":"159","x":49,"y":21},{"id":"160","x":50,"y":21},{"id":"161","x":51,"y":21},{"id":"152","x":46,"y":18},{"id":"153","x":47,"y":18},{"id":"154","x":44,"y":19},{"id":"155","x":45,"y":19},{"id":"156","x":46,"y":19},{"id":"157","x":47,"y":19},{"id":"158","x":44,"y":20},{"id":"159","x":45,"y":20},{"id":"160","x":46,"y":20},{"id":"161","x":47,"y":20},{"id":"162","x":44,"y":21},{"id":"163","x":45,"y":21},{"id":"164","x":46,"y":21},{"id":"165","x":47,"y":21},{"id":"154","x":48,"y":18},{"id":"155","x":49,"y":18},{"id":"156","x":50,"y":18},{"id":"157","x":51,"y":18},{"id":"158","x":48,"y":19},{"id":"159","x":49,"y":19},{"id":"160","x":50,"y":19},{"id":"161","x":51,"y":19},{"id":"162","x":48,"y":20},{"id":"163","x":49,"y":20},{"id":"164","x":50,"y":20},{"id":"165","x":51,"y":20},{"id":"152","x":50,"y":14},{"id":"153","x":51,"y":14},{"id":"156","x":50,"y":15},{"id":"157","x":51,"y":15},{"id":"160","x":50,"y":16},{"id":"161","x":51,"y":16},{"id":"164","x":50,"y":17},{"id":"165","x":51,"y":17},{"id":"150","x":48,"y":10},{"id":"151","x":49,"y":10},{"id":"152","x":50,"y":10},{"id":"153","x":51,"y":10},{"id":"154","x":48,"y":11},{"id":"155","x":49,"y":11},{"id":"156","x":50,"y":11},{"id":"157","x":51,"y":11},{"id":"158","x":48,"y":12},{"id":"159","x":49,"y":12},{"id":"160","x":50,"y":12},{"id":"161","x":51,"y":12},{"id":"164","x":50,"y":13},{"id":"165","x":51,"y":13},{"id":"153","x":51,"y":6},{"id":"157","x":51,"y":7},{"id":"161","x":51,"y":8},{"id":"162","x":48,"y":9},{"id":"163","x":49,"y":9},{"id":"164","x":50,"y":9},{"id":"165","x":51,"y":9},{"id":"150","x":46,"y":13},{"id":"151","x":47,"y":13},{"id":"152","x":48,"y":13},{"id":"153","x":49,"y":13},{"id":"152","x":44,"y":15},{"id":"153","x":45,"y":15},{"id":"156","x":44,"y":16},{"id":"157","x":45,"y":16},{"id":"160","x":44,"y":17},{"id":"161","x":45,"y":17},{"id":"164","x":44,"y":18},{"id":"165","x":45,"y":18},{"id":"150","x":46,"y":14},{"id":"151","x":47,"y":14},{"id":"152","x":48,"y":14},{"id":"153","x":49,"y":14},{"id":"154","x":46,"y":15},{"id":"155","x":47,"y":15},{"id":"156","x":48,"y":15},{"id":"157","x":49,"y":15},{"id":"158","x":46,"y":16},{"id":"159","x":47,"y":16},{"id":"160","x":48,"y":16},{"id":"161","x":49,"y":16},{"id":"162","x":46,"y":17},{"id":"163","x":47,"y":17},{"id":"164","x":48,"y":17},{"id":"165","x":49,"y":17},{"id":"153","x":43,"y":15},{"id":"157","x":43,"y":16},{"id":"161","x":43,"y":17},{"id":"164","x":42,"y":18},{"id":"165","x":43,"y":18},{"id":"165","x":42,"y":17},{"id":"153","x":37,"y":17},{"id":"157","x":37,"y":18},{"id":"161","x":37,"y":19},{"id":"162","x":34,"y":20},{"id":"163","x":35,"y":20},{"id":"164","x":36,"y":20},{"id":"165","x":37,"y":20},{"id":"154","x":38,"y":17},{"id":"155","x":39,"y":17},{"id":"156","x":40,"y":17},{"id":"157","x":41,"y":17},{"id":"158","x":38,"y":18},{"id":"159","x":39,"y":18},{"id":"160","x":40,"y":18},{"id":"161","x":41,"y":18},{"id":"162","x":38,"y":19},{"id":"163","x":39,"y":19},{"id":"164","x":40,"y":19},{"id":"165","x":41,"y":19},{"id":"162","x":33,"y":19},{"id":"163","x":34,"y":19},{"id":"164","x":35,"y":19},{"id":"165","x":36,"y":19},{"id":"162","x":28,"y":18},{"id":"162","x":37,"y":16},{"id":"163","x":38,"y":16},{"id":"154","x":33,"y":16},{"id":"155","x":34,"y":16},{"id":"156","x":35,"y":16},{"id":"157","x":36,"y":16},{"id":"158","x":33,"y":17},{"id":"159","x":34,"y":17},{"id":"160","x":35,"y":17},{"id":"161","x":36,"y":17},{"id":"162","x":33,"y":18},{"id":"163","x":34,"y":18},{"id":"164","x":35,"y":18},{"id":"165","x":36,"y":18},{"id":"157","x":32,"y":16},{"id":"159","x":30,"y":17},{"id":"160","x":31,"y":17},{"id":"161","x":32,"y":17},{"id":"162","x":29,"y":18},{"id":"163","x":30,"y":18},{"id":"164","x":31,"y":18},{"id":"165","x":32,"y":18},{"id":"164","x":26,"y":18},{"id":"165","x":27,"y":18},{"id":"156","x":30,"y":14},{"id":"160","x":30,"y":15},{"id":"164","x":30,"y":16},{"id":"165","x":31,"y":16},{"id":"160","x":24,"y":18},{"id":"161","x":25,"y":18},{"id":"164","x":24,"y":19},{"id":"165","x":25,"y":19},{"id":"160","x":28,"y":16},{"id":"161","x":29,"y":16},{"id":"162","x":26,"y":17},{"id":"163","x":27,"y":17},{"id":"164","x":28,"y":17},{"id":"165","x":29,"y":17},{"id":"163","x":21,"y":19},{"id":"164","x":22,"y":19},{"id":"165","x":23,"y":19},{"id":"164","x":26,"y":16},{"id":"165","x":27,"y":16},{"id":"155","x":21,"y":16},{"id":"159","x":21,"y":17},{"id":"163","x":21,"y":18},{"id":"164","x":22,"y":18},{"id":"165","x":23,"y":18},{"id":"162","x":16,"y":19},{"id":"157","x":25,"y":15},{"id":"158","x":22,"y":16},{"id":"159","x":23,"y":16},{"id":"160","x":24,"y":16},{"id":"161","x":25,"y":16},{"id":"162","x":22,"y":17},{"id":"163","x":23,"y":17},{"id":"164","x":24,"y":17},{"id":"165","x":25,"y":17},{"id":"157","x":20,"y":17},{"id":"161","x":20,"y":18},{"id":"162","x":17,"y":19},{"id":"163","x":18,"y":19},{"id":"164","x":19,"y":19},{"id":"165","x":20,"y":19},{"id":"165","x":20,"y":16},{"id":"162","x":12,"y":20},{"id":"163","x":13,"y":20},{"id":"164","x":14,"y":20},{"id":"165","x":15,"y":20},{"id":"154","x":8,"y":18},{"id":"155","x":9,"y":18},{"id":"156","x":10,"y":18},{"id":"157","x":11,"y":18},{"id":"158","x":8,"y":19},{"id":"159","x":9,"y":19},{"id":"160","x":10,"y":19},{"id":"161","x":11,"y":19},{"id":"162","x":8,"y":20},{"id":"163","x":9,"y":20},{"id":"164","x":10,"y":20},{"id":"165","x":11,"y":20},{"id":"150","x":4,"y":15},{"id":"151","x":5,"y":15},{"id":"152","x":6,"y":15},{"id":"154","x":4,"y":16},{"id":"155","x":5,"y":16},{"id":"156","x":6,"y":16},{"id":"157","x":7,"y":16},{"id":"158","x":4,"y":17},{"id":"159","x":5,"y":17},{"id":"160","x":6,"y":17},{"id":"161","x":7,"y":17},{"id":"162","x":4,"y":18},{"id":"163","x":5,"y":18},{"id":"164","x":6,"y":18},{"id":"165","x":7,"y":18},{"id":"150","x":0,"y":15},{"id":"151","x":1,"y":15},{"id":"152","x":2,"y":15},{"id":"153","x":3,"y":15},{"id":"154","x":0,"y":16},{"id":"155","x":1,"y":16},{"id":"156","x":2,"y":16},{"id":"157","x":3,"y":16},{"id":"158","x":0,"y":17},{"id":"159","x":1,"y":17},{"id":"160","x":2,"y":17},{"id":"161","x":3,"y":17},{"id":"162","x":0,"y":18},{"id":"163","x":1,"y":18},{"id":"164","x":2,"y":18},{"id":"165","x":3,"y":18},{"id":"150","x":0,"y":11},{"id":"154","x":0,"y":12},{"id":"155","x":1,"y":12},{"id":"156","x":2,"y":12},{"id":"158","x":0,"y":13},{"id":"159","x":1,"y":13},{"id":"160","x":2,"y":13},{"id":"162","x":0,"y":14},{"id":"163","x":1,"y":14},{"id":"164","x":2,"y":14},{"id":"154","x":0,"y":8},{"id":"158","x":0,"y":9},{"id":"162","x":0,"y":10},{"id":"154","x":3,"y":12},{"id":"158","x":3,"y":13},{"id":"162","x":3,"y":14},{"id":"162","x":7,"y":15},{"id":"154","x":4,"y":12},{"id":"155","x":5,"y":12},{"id":"156","x":6,"y":12},{"id":"157","x":7,"y":12},{"id":"158","x":4,"y":13},{"id":"159","x":5,"y":13},{"id":"160","x":6,"y":13},{"id":"161","x":7,"y":13},{"id":"162","x":4,"y":14},{"id":"163","x":5,"y":14},{"id":"164","x":6,"y":14},{"id":"165","x":7,"y":14},{"id":"154","x":16,"y":16},{"id":"155","x":17,"y":16},{"id":"156","x":18,"y":16},{"id":"157","x":19,"y":16},{"id":"158","x":16,"y":17},{"id":"159","x":17,"y":17},{"id":"160","x":18,"y":17},{"id":"161","x":19,"y":17},{"id":"162","x":16,"y":18},{"id":"163","x":17,"y":18},{"id":"164","x":18,"y":18},{"id":"165","x":19,"y":18},{"id":"154","x":12,"y":17},{"id":"155","x":13,"y":17},{"id":"156","x":14,"y":17},{"id":"157","x":15,"y":17},{"id":"158","x":12,"y":18},{"id":"159","x":13,"y":18},{"id":"160","x":14,"y":18},{"id":"161","x":15,"y":18},{"id":"162","x":12,"y":19},{"id":"163","x":13,"y":19},{"id":"164","x":14,"y":19},{"id":"165","x":15,"y":19},{"id":"162","x":8,"y":17},{"id":"163","x":9,"y":17},{"id":"164","x":10,"y":17},{"id":"165","x":11,"y":17},{"id":"162","x":12,"y":16},{"id":"163","x":13,"y":16},{"id":"164","x":14,"y":16},{"id":"165","x":15,"y":16},{"id":"150","x":8,"y":13},{"id":"154","x":8,"y":14},{"id":"158","x":8,"y":15},{"id":"162","x":8,"y":16},{"id":"163","x":9,"y":16},{"id":"164","x":10,"y":16},{"id":"165","x":11,"y":16},{"id":"153","x":12,"y":12},{"id":"154","x":9,"y":13},{"id":"155","x":10,"y":13},{"id":"156","x":11,"y":13},{"id":"157","x":12,"y":13},{"id":"158","x":9,"y":14},{"id":"159","x":10,"y":14},{"id":"160","x":11,"y":14},{"id":"161","x":12,"y":14},{"id":"162","x":9,"y":15},{"id":"163","x":10,"y":15},{"id":"164","x":11,"y":15},{"id":"165","x":12,"y":15},{"id":"165","x":24,"y":15},{"id":"154","x":13,"y":13},{"id":"155","x":14,"y":13},{"id":"156","x":15,"y":13},{"id":"157","x":16,"y":13},{"id":"158","x":13,"y":14},{"id":"159","x":14,"y":14},{"id":"160","x":15,"y":14},{"id":"161","x":16,"y":14},{"id":"162","x":13,"y":15},{"id":"163","x":14,"y":15},{"id":"164","x":15,"y":15},{"id":"165","x":16,"y":15},{"id":"159","x":30,"y":12},{"id":"163","x":30,"y":13},{"id":"163","x":24,"y":14},{"id":"150","x":17,"y":12},{"id":"151","x":18,"y":12},{"id":"154","x":17,"y":13},{"id":"155","x":18,"y":13},{"id":"156","x":19,"y":13},{"id":"158","x":17,"y":14},{"id":"159","x":18,"y":14},{"id":"160","x":19,"y":14},{"id":"162","x":17,"y":15},{"id":"163","x":18,"y":15},{"id":"164","x":19,"y":15},{"id":"162","x":24,"y":13},{"id":"162","x":30,"y":11},{"id":"163","x":36,"y":11},{"id":"154","x":31,"y":11},{"id":"158","x":25,"y":13},{"id":"162","x":25,"y":14},{"id":"154","x":20,"y":13},{"id":"155","x":21,"y":13},{"id":"156","x":22,"y":13},{"id":"157","x":23,"y":13},{"id":"158","x":20,"y":14},{"id":"159","x":21,"y":14},{"id":"160","x":22,"y":14},{"id":"161","x":23,"y":14},{"id":"162","x":20,"y":15},{"id":"163","x":21,"y":15},{"id":"164","x":22,"y":15},{"id":"165","x":23,"y":15},{"id":"152","x":28,"y":11},{"id":"153","x":29,"y":11},{"id":"150","x":31,"y":12},{"id":"154","x":31,"y":13},{"id":"158","x":31,"y":14},{"id":"159","x":32,"y":14},{"id":"160","x":33,"y":14},{"id":"161","x":34,"y":14},{"id":"162","x":31,"y":15},{"id":"163","x":32,"y":15},{"id":"164","x":33,"y":15},{"id":"165","x":34,"y":15},{"id":"150","x":26,"y":12},{"id":"151","x":27,"y":12},{"id":"152","x":28,"y":12},{"id":"153","x":29,"y":12},{"id":"154","x":26,"y":13},{"id":"155","x":27,"y":13},{"id":"156","x":28,"y":13},{"id":"157","x":29,"y":13},{"id":"158","x":26,"y":14},{"id":"159","x":27,"y":14},{"id":"160","x":28,"y":14},{"id":"161","x":29,"y":14},{"id":"162","x":26,"y":15},{"id":"163","x":27,"y":15},{"id":"164","x":28,"y":15},{"id":"165","x":29,"y":15},{"id":"154","x":32,"y":11},{"id":"155","x":33,"y":11},{"id":"156","x":34,"y":11},{"id":"157","x":35,"y":11},{"id":"158","x":32,"y":12},{"id":"159","x":33,"y":12},{"id":"160","x":34,"y":12},{"id":"162","x":32,"y":13},{"id":"163","x":33,"y":13},{"id":"164","x":34,"y":13},{"id":"151","x":38,"y":10},{"id":"152","x":39,"y":10},{"id":"154","x":37,"y":11},{"id":"155","x":38,"y":11},{"id":"156","x":39,"y":11},{"id":"160","x":39,"y":12},{"id":"159","x":43,"y":13},{"id":"160","x":44,"y":13},{"id":"161","x":45,"y":13},{"id":"163","x":43,"y":14},{"id":"164","x":44,"y":14},{"id":"165","x":45,"y":14},{"id":"150","x":35,"y":12},{"id":"151","x":36,"y":12},{"id":"152","x":37,"y":12},{"id":"153","x":38,"y":12},{"id":"154","x":35,"y":13},{"id":"155","x":36,"y":13},{"id":"156","x":37,"y":13},{"id":"157","x":38,"y":13},{"id":"158","x":35,"y":14},{"id":"159","x":36,"y":14},{"id":"160","x":37,"y":14},{"id":"161","x":38,"y":14},{"id":"162","x":35,"y":15},{"id":"163","x":36,"y":15},{"id":"164","x":37,"y":15},{"id":"165","x":38,"y":15},{"id":"154","x":40,"y":10},{"id":"155","x":41,"y":10},{"id":"156","x":42,"y":10},{"id":"158","x":40,"y":11},{"id":"159","x":41,"y":11},{"id":"160","x":42,"y":11},{"id":"162","x":40,"y":12},{"id":"163","x":41,"y":12},{"id":"164","x":42,"y":12},{"id":"165","x":43,"y":12},{"id":"153","x":47,"y":9},{"id":"157","x":47,"y":10},{"id":"161","x":47,"y":11},{"id":"162","x":44,"y":12},{"id":"163","x":45,"y":12},{"id":"164","x":46,"y":12},{"id":"165","x":47,"y":12},{"id":"150","x":39,"y":13},{"id":"151","x":40,"y":13},{"id":"152","x":41,"y":13},{"id":"153","x":42,"y":13},{"id":"154","x":39,"y":14},{"id":"155","x":40,"y":14},{"id":"156","x":41,"y":14},{"id":"157","x":42,"y":14},{"id":"158","x":39,"y":15},{"id":"159","x":40,"y":15},{"id":"160","x":41,"y":15},{"id":"161","x":42,"y":15},{"id":"162","x":39,"y":16},{"id":"163","x":40,"y":16},{"id":"164","x":41,"y":16},{"id":"165","x":42,"y":16},{"id":"155","x":44,"y":9},{"id":"156","x":45,"y":9},{"id":"157","x":46,"y":9},{"id":"158","x":43,"y":10},{"id":"159","x":44,"y":10},{"id":"160","x":45,"y":10},{"id":"161","x":46,"y":10},{"id":"162","x":43,"y":11},{"id":"163","x":44,"y":11},{"id":"164","x":45,"y":11},{"id":"165","x":46,"y":11},{"id":"157","x":50,"y":6},{"id":"161","x":50,"y":7},{"id":"164","x":49,"y":8},{"id":"165","x":50,"y":8},{"id":"161","x":49,"y":6},{"id":"165","x":49,"y":7},{"id":"159","x":35,"y":9},{"id":"163","x":35,"y":10},{"id":"164","x":36,"y":10},{"id":"165","x":37,"y":10},{"id":"161","x":44,"y":7},{"id":"165","x":44,"y":8},{"id":"157","x":48,"y":6},{"id":"158","x":45,"y":7},{"id":"159","x":46,"y":7},{"id":"160","x":47,"y":7},{"id":"161","x":48,"y":7},{"id":"162","x":45,"y":8},{"id":"163","x":46,"y":8},{"id":"164","x":47,"y":8},{"id":"165","x":48,"y":8},{"id":"150","x":40,"y":6},{"id":"151","x":41,"y":6},{"id":"152","x":42,"y":6},{"id":"153","x":43,"y":6},{"id":"154","x":40,"y":7},{"id":"155","x":41,"y":7},{"id":"156","x":42,"y":7},{"id":"157","x":43,"y":7},{"id":"158","x":40,"y":8},{"id":"159","x":41,"y":8},{"id":"160","x":42,"y":8},{"id":"161","x":43,"y":8},{"id":"162","x":40,"y":9},{"id":"163","x":41,"y":9},{"id":"164","x":42,"y":9},{"id":"165","x":43,"y":9},{"id":"162","x":36,"y":9},{"id":"163","x":37,"y":9},{"id":"164","x":38,"y":9},{"id":"165","x":39,"y":9},{"id":"156","x":38,"y":6},{"id":"157","x":39,"y":6},{"id":"160","x":38,"y":7},{"id":"161","x":39,"y":7},{"id":"164","x":38,"y":8},{"id":"165","x":39,"y":8},{"id":"164","x":30,"y":10},{"id":"162","x":17,"y":11},{"id":"163","x":18,"y":11},{"id":"164","x":28,"y":10},{"id":"165","x":29,"y":10},{"id":"151","x":32,"y":7},{"id":"152","x":33,"y":7},{"id":"155","x":32,"y":8},{"id":"156","x":33,"y":8},{"id":"159","x":32,"y":9},{"id":"160","x":33,"y":9},{"id":"161","x":34,"y":9},{"id":"162","x":31,"y":10},{"id":"163","x":32,"y":10},{"id":"164","x":33,"y":10},{"id":"165","x":34,"y":10},{"id":"159","x":23,"y":11},{"id":"163","x":23,"y":12},{"id":"164","x":24,"y":12},{"id":"165","x":25,"y":12},{"id":"163","x":29,"y":9},{"id":"164","x":30,"y":9},{"id":"165","x":31,"y":9},{"id":"150","x":34,"y":5},{"id":"151","x":35,"y":5},{"id":"154","x":34,"y":6},{"id":"155","x":35,"y":6},{"id":"156","x":36,"y":6},{"id":"157","x":37,"y":6},{"id":"158","x":34,"y":7},{"id":"159","x":35,"y":7},{"id":"160","x":36,"y":7},{"id":"161","x":37,"y":7},{"id":"162","x":34,"y":8},{"id":"163","x":35,"y":8},{"id":"164","x":36,"y":8},{"id":"165","x":37,"y":8},{"id":"155","x":29,"y":6},{"id":"159","x":29,"y":7},{"id":"160","x":30,"y":7},{"id":"161","x":31,"y":7},{"id":"163","x":29,"y":8},{"id":"164","x":30,"y":8},{"id":"165","x":31,"y":8},{"id":"161","x":24,"y":7},{"id":"153","x":23,"y":7},{"id":"157","x":23,"y":8},{"id":"161","x":23,"y":9},{"id":"165","x":23,"y":10},{"id":"150","x":24,"y":8},{"id":"154","x":24,"y":9},{"id":"158","x":24,"y":10},{"id":"159","x":25,"y":10},{"id":"160","x":26,"y":10},{"id":"161","x":27,"y":10},{"id":"162","x":24,"y":11},{"id":"163","x":25,"y":11},{"id":"164","x":26,"y":11},{"id":"165","x":27,"y":11},{"id":"158","x":19,"y":11},{"id":"159","x":20,"y":11},{"id":"160","x":21,"y":11},{"id":"161","x":22,"y":11},{"id":"162","x":19,"y":12},{"id":"163","x":20,"y":12},{"id":"164","x":21,"y":12},{"id":"165","x":22,"y":12},{"id":"152","x":15,"y":9},{"id":"156","x":15,"y":10},{"id":"160","x":15,"y":11},{"id":"161","x":16,"y":11},{"id":"162","x":13,"y":12},{"id":"163","x":14,"y":12},{"id":"164","x":15,"y":12},{"id":"165","x":16,"y":12},{"id":"155","x":9,"y":10},{"id":"156","x":10,"y":10},{"id":"159","x":9,"y":11},{"id":"160","x":10,"y":11},{"id":"162","x":8,"y":12},{"id":"163","x":9,"y":12},{"id":"164","x":10,"y":12},{"id":"165","x":11,"y":12},{"id":"161","x":22,"y":9},{"id":"163","x":20,"y":10},{"id":"164","x":21,"y":10},{"id":"165","x":22,"y":10},{"id":"153","x":28,"y":6},{"id":"154","x":25,"y":7},{"id":"155","x":26,"y":7},{"id":"156","x":27,"y":7},{"id":"157","x":28,"y":7},{"id":"158","x":25,"y":8},{"id":"159","x":26,"y":8},{"id":"160","x":27,"y":8},{"id":"161","x":28,"y":8},{"id":"162","x":25,"y":9},{"id":"163","x":26,"y":9},{"id":"164","x":27,"y":9},{"id":"165","x":28,"y":9},{"id":"158","x":16,"y":9},{"id":"159","x":17,"y":9},{"id":"162","x":16,"y":10},{"id":"163","x":17,"y":10},{"id":"164","x":18,"y":10},{"id":"165","x":19,"y":10},{"id":"152","x":13,"y":8},{"id":"153","x":14,"y":8},{"id":"156","x":13,"y":9},{"id":"157","x":14,"y":9},{"id":"158","x":11,"y":10},{"id":"159","x":12,"y":10},{"id":"160","x":13,"y":10},{"id":"161","x":14,"y":10},{"id":"162","x":11,"y":11},{"id":"163","x":12,"y":11},{"id":"164","x":13,"y":11},{"id":"165","x":14,"y":11},{"id":"162","x":5,"y":11},{"id":"163","x":6,"y":11},{"id":"164","x":7,"y":11},{"id":"165","x":8,"y":11},{"id":"150","x":1,"y":8},{"id":"154","x":1,"y":9},{"id":"158","x":1,"y":10},{"id":"159","x":2,"y":10},{"id":"160","x":3,"y":10},{"id":"161","x":4,"y":10},{"id":"162","x":1,"y":11},{"id":"163","x":2,"y":11},{"id":"164","x":3,"y":11},{"id":"165","x":4,"y":11},{"id":"151","x":6,"y":7},{"id":"155","x":6,"y":8},{"id":"159","x":6,"y":9},{"id":"160","x":7,"y":9},{"id":"161","x":8,"y":9},{"id":"162","x":5,"y":10},{"id":"163","x":6,"y":10},{"id":"164","x":7,"y":10},{"id":"165","x":8,"y":10},{"id":"160","x":11,"y":8},{"id":"161","x":12,"y":8},{"id":"162","x":9,"y":9},{"id":"163","x":10,"y":9},{"id":"164","x":11,"y":9},{"id":"165","x":12,"y":9},{"id":"156","x":4,"y":7},{"id":"157","x":5,"y":7},{"id":"158","x":2,"y":8},{"id":"159","x":3,"y":8},{"id":"160","x":4,"y":8},{"id":"161","x":5,"y":8},{"id":"162","x":2,"y":9},{"id":"163","x":3,"y":9},{"id":"164","x":4,"y":9},{"id":"165","x":5,"y":9},{"id":"154","x":8,"y":4},{"id":"154","x":9,"y":4},{"id":"155","x":10,"y":4},{"id":"156","x":15,"y":4},{"id":"151","x":8,"y":5},{"id":"152","x":9,"y":5},{"id":"153","x":10,"y":5},{"id":"155","x":8,"y":6},{"id":"156","x":9,"y":6},{"id":"157","x":10,"y":6},{"id":"158","x":7,"y":7},{"id":"159","x":8,"y":7},{"id":"160","x":9,"y":7},{"id":"161","x":10,"y":7},{"id":"162","x":7,"y":8},{"id":"163","x":8,"y":8},{"id":"164","x":9,"y":8},{"id":"165","x":10,"y":8},{"id":"150","x":11,"y":4},{"id":"151","x":12,"y":4},{"id":"152","x":13,"y":4},{"id":"153","x":14,"y":4},{"id":"154","x":11,"y":5},{"id":"155","x":12,"y":5},{"id":"156","x":13,"y":5},{"id":"157","x":14,"y":5},{"id":"158","x":11,"y":6},{"id":"159","x":12,"y":6},{"id":"160","x":13,"y":6},{"id":"161","x":14,"y":6},{"id":"162","x":11,"y":7},{"id":"163","x":12,"y":7},{"id":"164","x":13,"y":7},{"id":"165","x":14,"y":7},{"id":"150","x":16,"y":4},{"id":"151","x":17,"y":4},{"id":"165","x":27,"y":6},{"id":"165","x":26,"y":6},{"id":"161","x":22,"y":7},{"id":"165","x":22,"y":8},{"id":"162","x":18,"y":4},{"id":"150","x":15,"y":5},{"id":"151","x":16,"y":5},{"id":"152","x":17,"y":5},{"id":"153","x":18,"y":5},{"id":"154","x":15,"y":6},{"id":"155","x":16,"y":6},{"id":"156","x":17,"y":6},{"id":"158","x":15,"y":7},{"id":"159","x":16,"y":7},{"id":"160","x":17,"y":7},{"id":"162","x":15,"y":8},{"id":"163","x":16,"y":8},{"id":"164","x":17,"y":8},{"id":"158","x":19,"y":4},{"id":"159","x":20,"y":4},{"id":"160","x":21,"y":4},{"id":"162","x":19,"y":5},{"id":"163","x":20,"y":5},{"id":"164","x":21,"y":5},{"id":"150","x":18,"y":6},{"id":"151","x":19,"y":6},{"id":"152","x":20,"y":6},{"id":"153","x":21,"y":6},{"id":"154","x":18,"y":7},{"id":"155","x":19,"y":7},{"id":"156","x":20,"y":7},{"id":"157","x":21,"y":7},{"id":"158","x":18,"y":8},{"id":"159","x":19,"y":8},{"id":"160","x":20,"y":8},{"id":"161","x":21,"y":8},{"id":"162","x":18,"y":9},{"id":"163","x":19,"y":9},{"id":"164","x":20,"y":9},{"id":"165","x":21,"y":9},{"id":"154","x":22,"y":4},{"id":"155","x":23,"y":4},{"id":"156","x":24,"y":4},{"id":"157","x":25,"y":4},{"id":"158","x":22,"y":5},{"id":"159","x":23,"y":5},{"id":"160","x":24,"y":5},{"id":"161","x":25,"y":5},{"id":"162","x":22,"y":6},{"id":"163","x":23,"y":6},{"id":"164","x":24,"y":6},{"id":"165","x":25,"y":6},{"id":"158","x":26,"y":4},{"id":"159","x":27,"y":4},{"id":"160","x":28,"y":4},{"id":"161","x":29,"y":4},{"id":"162","x":26,"y":5},{"id":"163","x":27,"y":5},{"id":"164","x":28,"y":5},{"id":"165","x":29,"y":5},{"id":"154","x":30,"y":4},{"id":"155","x":31,"y":4},{"id":"158","x":30,"y":5},{"id":"159","x":31,"y":5},{"id":"160","x":32,"y":5},{"id":"161","x":33,"y":5},{"id":"162","x":30,"y":6},{"id":"163","x":31,"y":6},{"id":"164","x":32,"y":6},{"id":"165","x":33,"y":6},{"id":"162","x":32,"y":4},{"id":"163","x":33,"y":4},{"id":"164","x":34,"y":4},{"id":"165","x":35,"y":4},{"id":"158","x":36,"y":4},{"id":"159","x":37,"y":4},{"id":"160","x":38,"y":4},{"id":"161","x":39,"y":4},{"id":"162","x":36,"y":5},{"id":"163","x":37,"y":5},{"id":"164","x":38,"y":5},{"id":"165","x":39,"y":5},{"id":"158","x":40,"y":4},{"id":"159","x":41,"y":4},{"id":"160","x":42,"y":4},{"id":"161","x":43,"y":4},{"id":"162","x":40,"y":5},{"id":"163","x":41,"y":5},{"id":"164","x":42,"y":5},{"id":"165","x":43,"y":5},{"id":"158","x":44,"y":5},{"id":"159","x":45,"y":5},{"id":"160","x":46,"y":5},{"id":"161","x":47,"y":5},{"id":"162","x":44,"y":6},{"id":"163","x":45,"y":6},{"id":"164","x":46,"y":6},{"id":"165","x":47,"y":6},{"id":"158","x":48,"y":4},{"id":"159","x":49,"y":4},{"id":"160","x":50,"y":4},{"id":"161","x":51,"y":4},{"id":"162","x":48,"y":5},{"id":"163","x":49,"y":5},{"id":"164","x":50,"y":5},{"id":"165","x":51,"y":5},{"id":"162","x":44,"y":4},{"id":"163","x":45,"y":4},{"id":"164","x":46,"y":4},{"id":"165","x":47,"y":4},{"id":"150","x":48,"y":0},{"id":"151","x":49,"y":0},{"id":"152","x":50,"y":0},{"id":"153","x":51,"y":0},{"id":"154","x":48,"y":1},{"id":"155","x":49,"y":1},{"id":"156","x":50,"y":1},{"id":"157","x":51,"y":1},{"id":"158","x":48,"y":2},{"id":"159","x":49,"y":2},{"id":"160","x":50,"y":2},{"id":"161","x":51,"y":2},{"id":"162","x":48,"y":3},{"id":"163","x":49,"y":3},{"id":"164","x":50,"y":3},{"id":"165","x":51,"y":3},{"id":"150","x":44,"y":0},{"id":"151","x":45,"y":0},{"id":"152","x":46,"y":0},{"id":"153","x":47,"y":0},{"id":"154","x":44,"y":1},{"id":"155","x":45,"y":1},{"id":"156","x":46,"y":1},{"id":"157","x":47,"y":1},{"id":"158","x":44,"y":2},{"id":"159","x":45,"y":2},{"id":"160","x":46,"y":2},{"id":"161","x":47,"y":2},{"id":"162","x":44,"y":3},{"id":"163","x":45,"y":3},{"id":"164","x":46,"y":3},{"id":"165","x":47,"y":3},{"id":"150","x":40,"y":0},{"id":"151","x":41,"y":0},{"id":"152","x":42,"y":0},{"id":"153","x":43,"y":0},{"id":"154","x":40,"y":1},{"id":"155","x":41,"y":1},{"id":"156","x":42,"y":1},{"id":"157","x":43,"y":1},{"id":"158","x":40,"y":2},{"id":"159","x":41,"y":2},{"id":"160","x":42,"y":2},{"id":"161","x":43,"y":2},{"id":"162","x":40,"y":3},{"id":"163","x":41,"y":3},{"id":"164","x":42,"y":3},{"id":"165","x":43,"y":3},{"id":"150","x":36,"y":0},{"id":"151","x":37,"y":0},{"id":"152","x":38,"y":0},{"id":"153","x":39,"y":0},{"id":"154","x":36,"y":1},{"id":"155","x":37,"y":1},{"id":"156","x":38,"y":1},{"id":"157","x":39,"y":1},{"id":"158","x":36,"y":2},{"id":"159","x":37,"y":2},{"id":"160","x":38,"y":2},{"id":"161","x":39,"y":2},{"id":"162","x":36,"y":3},{"id":"163","x":37,"y":3},{"id":"164","x":38,"y":3},{"id":"165","x":39,"y":3},{"id":"150","x":32,"y":0},{"id":"151","x":33,"y":0},{"id":"152","x":34,"y":0},{"id":"153","x":35,"y":0},{"id":"154","x":32,"y":1},{"id":"155","x":33,"y":1},{"id":"156","x":34,"y":1},{"id":"157","x":35,"y":1},{"id":"158","x":32,"y":2},{"id":"159","x":33,"y":2},{"id":"160","x":34,"y":2},{"id":"161","x":35,"y":2},{"id":"162","x":32,"y":3},{"id":"163","x":33,"y":3},{"id":"164","x":34,"y":3},{"id":"165","x":35,"y":3},{"id":"150","x":28,"y":0},{"id":"151","x":29,"y":0},{"id":"152","x":30,"y":0},{"id":"153","x":31,"y":0},{"id":"154","x":28,"y":1},{"id":"155","x":29,"y":1},{"id":"156","x":30,"y":1},{"id":"157","x":31,"y":1},{"id":"158","x":28,"y":2},{"id":"159","x":29,"y":2},{"id":"160","x":30,"y":2},{"id":"161","x":31,"y":2},{"id":"162","x":28,"y":3},{"id":"163","x":29,"y":3},{"id":"164","x":30,"y":3},{"id":"165","x":31,"y":3},{"id":"150","x":24,"y":0},{"id":"151","x":25,"y":0},{"id":"152","x":26,"y":0},{"id":"153","x":27,"y":0},{"id":"154","x":24,"y":1},{"id":"155","x":25,"y":1},{"id":"156","x":26,"y":1},{"id":"157","x":27,"y":1},{"id":"158","x":24,"y":2},{"id":"159","x":25,"y":2},{"id":"160","x":26,"y":2},{"id":"161","x":27,"y":2},{"id":"162","x":24,"y":3},{"id":"163","x":25,"y":3},{"id":"164","x":26,"y":3},{"id":"165","x":27,"y":3},{"id":"150","x":20,"y":0},{"id":"151","x":21,"y":0},{"id":"152","x":22,"y":0},{"id":"153","x":23,"y":0},{"id":"154","x":20,"y":1},{"id":"155","x":21,"y":1},{"id":"156","x":22,"y":1},{"id":"157","x":23,"y":1},{"id":"158","x":20,"y":2},{"id":"159","x":21,"y":2},{"id":"160","x":22,"y":2},{"id":"161","x":23,"y":2},{"id":"162","x":20,"y":3},{"id":"163","x":21,"y":3},{"id":"164","x":22,"y":3},{"id":"165","x":23,"y":3},{"id":"150","x":16,"y":0},{"id":"151","x":17,"y":0},{"id":"152","x":18,"y":0},{"id":"153","x":19,"y":0},{"id":"154","x":16,"y":1},{"id":"155","x":17,"y":1},{"id":"156","x":18,"y":1},{"id":"157","x":19,"y":1},{"id":"158","x":16,"y":2},{"id":"159","x":17,"y":2},{"id":"160","x":18,"y":2},{"id":"161","x":19,"y":2},{"id":"162","x":16,"y":3},{"id":"163","x":17,"y":3},{"id":"164","x":18,"y":3},{"id":"165","x":19,"y":3},{"id":"150","x":12,"y":0},{"id":"151","x":13,"y":0},{"id":"152","x":14,"y":0},{"id":"153","x":15,"y":0},{"id":"154","x":12,"y":1},{"id":"155","x":13,"y":1},{"id":"156","x":14,"y":1},{"id":"157","x":15,"y":1},{"id":"158","x":12,"y":2},{"id":"159","x":13,"y":2},{"id":"160","x":14,"y":2},{"id":"161","x":15,"y":2},{"id":"162","x":12,"y":3},{"id":"163","x":13,"y":3},{"id":"164","x":14,"y":3},{"id":"165","x":15,"y":3},{"id":"150","x":8,"y":0},{"id":"151","x":9,"y":0},{"id":"152","x":10,"y":0},{"id":"153","x":11,"y":0},{"id":"154","x":8,"y":1},{"id":"155","x":9,"y":1},{"id":"156","x":10,"y":1},{"id":"157","x":11,"y":1},{"id":"158","x":8,"y":2},{"id":"159","x":9,"y":2},{"id":"160","x":10,"y":2},{"id":"161","x":11,"y":2},{"id":"162","x":8,"y":3},{"id":"163","x":9,"y":3},{"id":"164","x":10,"y":3},{"id":"165","x":11,"y":3},{"id":"150","x":4,"y":0},{"id":"151","x":5,"y":0},{"id":"152","x":6,"y":0},{"id":"153","x":7,"y":0},{"id":"154","x":4,"y":1},{"id":"155","x":5,"y":1},{"id":"156","x":6,"y":1},{"id":"157","x":7,"y":1},{"id":"158","x":4,"y":2},{"id":"159","x":5,"y":2},{"id":"160","x":6,"y":2},{"id":"161","x":7,"y":2},{"id":"150","x":0,"y":0},{"id":"151","x":1,"y":0},{"id":"152","x":2,"y":0},{"id":"153","x":3,"y":0},{"id":"154","x":0,"y":1},{"id":"155","x":1,"y":1},{"id":"156","x":2,"y":1},{"id":"157","x":3,"y":1},{"id":"158","x":0,"y":2},{"id":"159","x":1,"y":2},{"id":"160","x":2,"y":2},{"id":"161","x":3,"y":2},{"id":"162","x":0,"y":3},{"id":"163","x":1,"y":3},{"id":"164","x":2,"y":3},{"id":"165","x":3,"y":3},{"id":"150","x":0,"y":4},{"id":"151","x":1,"y":4},{"id":"152","x":2,"y":4},{"id":"153","x":3,"y":4},{"id":"154","x":0,"y":5},{"id":"155","x":1,"y":5},{"id":"156","x":2,"y":5},{"id":"157","x":3,"y":5},{"id":"158","x":0,"y":6},{"id":"159","x":1,"y":6},{"id":"160","x":2,"y":6},{"id":"161","x":3,"y":6},{"id":"162","x":0,"y":7},{"id":"163","x":1,"y":7},{"id":"164","x":2,"y":7},{"id":"165","x":3,"y":7},{"id":"150","x":4,"y":3},{"id":"151","x":5,"y":3},{"id":"152","x":6,"y":3},{"id":"153","x":7,"y":3},{"id":"154","x":4,"y":4},{"id":"155","x":5,"y":4},{"id":"156","x":6,"y":4},{"id":"157","x":7,"y":4},{"id":"158","x":4,"y":5},{"id":"159","x":5,"y":5},{"id":"160","x":6,"y":5},{"id":"161","x":7,"y":5},{"id":"162","x":4,"y":6},{"id":"163","x":5,"y":6},{"id":"164","x":6,"y":6},{"id":"165","x":7,"y":6},{"id":"150","x":21,"y":22},{"id":"151","x":22,"y":22},{"id":"152","x":23,"y":22},{"id":"154","x":21,"y":23},{"id":"155","x":22,"y":23},{"id":"156","x":23,"y":23},{"id":"158","x":21,"y":24},{"id":"159","x":22,"y":24},{"id":"160","x":23,"y":24},{"id":"162","x":21,"y":25},{"id":"163","x":22,"y":25},{"id":"164","x":23,"y":25},{"id":"150","x":25,"y":21},{"id":"151","x":26,"y":21},{"id":"152","x":27,"y":21},{"id":"153","x":28,"y":21},{"id":"157","x":28,"y":22},{"id":"150","x":48,"y":22},{"id":"151","x":49,"y":22},{"id":"152","x":50,"y":22},{"id":"153","x":51,"y":22},{"id":"154","x":48,"y":23},{"id":"155","x":49,"y":23},{"id":"156","x":50,"y":23},{"id":"157","x":51,"y":23},{"id":"158","x":48,"y":24},{"id":"159","x":49,"y":24},{"id":"160","x":50,"y":24},{"id":"161","x":51,"y":24},{"id":"162","x":48,"y":25},{"id":"163","x":49,"y":25},{"id":"164","x":50,"y":25},{"id":"165","x":51,"y":25},{"id":"150","x":44,"y":22},{"id":"151","x":45,"y":22},{"id":"152","x":46,"y":22},{"id":"153","x":47,"y":22},{"id":"154","x":44,"y":23},{"id":"155","x":45,"y":23},{"id":"156","x":46,"y":23},{"id":"157","x":47,"y":23},{"id":"158","x":44,"y":24},{"id":"159","x":45,"y":24},{"id":"160","x":46,"y":24},{"id":"161","x":47,"y":24},{"id":"162","x":44,"y":25},{"id":"163","x":45,"y":25},{"id":"164","x":46,"y":25},{"id":"165","x":47,"y":25},{"id":"150","x":40,"y":22},{"id":"151","x":41,"y":22},{"id":"152","x":42,"y":22},{"id":"153","x":43,"y":22},{"id":"154","x":40,"y":23},{"id":"155","x":41,"y":23},{"id":"156","x":42,"y":23},{"id":"157","x":43,"y":23},{"id":"158","x":40,"y":24},{"id":"159","x":41,"y":24},{"id":"160","x":42,"y":24},{"id":"161","x":43,"y":24},{"id":"162","x":40,"y":25},{"id":"163","x":41,"y":25},{"id":"164","x":42,"y":25},{"id":"165","x":43,"y":25},{"id":"150","x":36,"y":22},{"id":"151","x":37,"y":22},{"id":"152","x":38,"y":22},{"id":"153","x":39,"y":22},{"id":"154","x":36,"y":23},{"id":"155","x":37,"y":23},{"id":"156","x":38,"y":23},{"id":"157","x":39,"y":23},{"id":"158","x":36,"y":24},{"id":"159","x":37,"y":24},{"id":"160","x":38,"y":24},{"id":"161","x":39,"y":24},{"id":"162","x":36,"y":25},{"id":"163","x":37,"y":25},{"id":"164","x":38,"y":25},{"id":"165","x":39,"y":25},{"id":"150","x":32,"y":22},{"id":"151","x":33,"y":22},{"id":"152","x":34,"y":22},{"id":"153","x":35,"y":22},{"id":"154","x":32,"y":23},{"id":"155","x":33,"y":23},{"id":"156","x":34,"y":23},{"id":"157","x":35,"y":23},{"id":"158","x":32,"y":24},{"id":"159","x":33,"y":24},{"id":"160","x":34,"y":24},{"id":"161","x":35,"y":24},{"id":"162","x":32,"y":25},{"id":"163","x":33,"y":25},{"id":"164","x":34,"y":25},{"id":"165","x":35,"y":25},{"id":"150","x":28,"y":23},{"id":"151","x":29,"y":23},{"id":"152","x":30,"y":23},{"id":"153","x":31,"y":23},{"id":"154","x":28,"y":24},{"id":"155","x":29,"y":24},{"id":"156","x":30,"y":24},{"id":"157","x":31,"y":24},{"id":"158","x":28,"y":25},{"id":"159","x":29,"y":25},{"id":"160","x":30,"y":25},{"id":"161","x":31,"y":25},{"id":"162","x":28,"y":26},{"id":"163","x":29,"y":26},{"id":"164","x":30,"y":26},{"id":"165","x":31,"y":26},{"id":"150","x":24,"y":22},{"id":"151","x":25,"y":22},{"id":"152","x":26,"y":22},{"id":"153","x":27,"y":22},{"id":"154","x":24,"y":23},{"id":"155","x":25,"y":23},{"id":"156","x":26,"y":23},{"id":"157","x":27,"y":23},{"id":"158","x":24,"y":24},{"id":"159","x":25,"y":24},{"id":"160","x":26,"y":24},{"id":"161","x":27,"y":24},{"id":"162","x":24,"y":25},{"id":"163","x":25,"y":25},{"id":"164","x":26,"y":25},{"id":"165","x":27,"y":25}],"collider":false}]}